,0
0,2449 23rd St San Francisco
1,909 Grant Ave San Francisco
2,4516 Mission St San Francisco
3,1001 South Van Ness Ave San Francisco
4,876 Geary St San Francisco
5,Off The Grid San Francisco
6,1055 Ellis St San Francisco
7,4251 A 18th St San Francisco
8,2950 21st St San Francisco
9,464 Broadway St San Francisco
10,244 Clement St San Francisco
11,24 WILLIE MAYS PLAZA San Francisco
12,726 Clement St San Francisco
13,1039 Stockton St San Francisco
14,85 Bartlett St San Francisco
15,498 09th St Ste. C San Francisco
16,2066 Chestnut St San Francisco
17,3414 22nd St San Francisco
18,3870 24th St San Francisco
19,1690 Valencia St San Francisco
20,500 Parnassus Ave San Francisco
21,822 Irving St San Francisco
22,661 Divisadero St San Francisco
23,24 Wiilie Mays Pl #120 San Francisco
24,131 Lenox Way San Francisco
25,142 McAllister St San Francisco
26,501 Buckingham Way San Francisco
27,3251 20th Ave 250K San Francisco
28,1706 Church St San Francisco
29,333 Market St San Francisco
30,425 Battery St San Francisco
31,403 Irving St San Francisco
32,2531 San Bruno Ave San Francisco
33,503 Clement St San Francisco
34,24 Willie Mays Plaza San Francisco
35,1210 Stockton St San Francisco
36,100 Van Ness Ave #A San Francisco
37,2241 Judah St San Francisco
38,920 Sutter St San Francisco
39,652 Pacific Ave San Francisco
40,1654 Haight St San Francisco
41,2436 Clement St San Francisco
42,4207 Geary Blvd San Francisco
43,173 Eddy St San Francisco
44,1400 California St San Francisco
45,717 Battery St Basement San Francisco
46,1042 Larkin St San Francisco
47,1051 Market St San Francisco
48,2339 Noriega St San Francisco
49,133 6th St San Francisco
50,45 CONKLING St San Francisco
51,5937 Geary Blvd San Francisco
52,2460 San Bruno Ave San Francisco
53,200 Columbus St San Francisco
54,977 A North Point St San Francisco
55,2325 Pine St San Francisco
56,135 04th St San Francisco
57,2181 Irving St San Francisco
58,65 Post St San Francisco
59,235 2nd St San Francisco
60,501 O'Farrell St San Francisco
61,1548 Ocean Ave San Francisco
62,590 Valencia St San Francisco
63,449 Powell St 2nd Floor San Francisco
64,1101 Stockton St San Francisco
65,500 Post St San Francisco
66,100 Connecticut St San Francisco
67,100 06th St San Francisco
68,401 Balboa St San Francisco
69,34 Mason St San Francisco
70,2080 Chestnut St San Francisco
71,2769 Lombard St San Francisco
72,1125 Ocean Ave 102 San Francisco
73,670 B Commercial St San Francisco
74,2598 Folsom St San Francisco
75,2277 Shafter Ave San Francisco
76,77 Battery St Suite 100 San Francisco
77,1117 Stockton St San Francisco
78,210 Columbus Ave San Francisco
79,4794 Mission St San Francisco
80,2406 19th Ave San Francisco
81,1408 Clement St San Francisco
82,"5900 3rd St, C2001 San Francisco"
83,2404 California St San Francisco
84,3104 24th St San Francisco
85,1018 Taraval St San Francisco
86,1466 Haight St San Francisco
87,2154 Irving St San Francisco
88,1785 Fulton St San Francisco
89,1152 Valencia St San Francisco
90,2175 Market St San Francisco
91,1060 Hyde St San Francisco
92,"2565 03rd St, #336 San Francisco"
93,2253 Irving St San Francisco
94,4517 03rd St San Francisco
95,3472 Mission St San Francisco
96,401 13th St San Francisco
97,901 VALENCIA St San Francisco
98,2794 California St San Francisco
99,720 Market St San Francisco
100,1019 Market St San Francisco
101,2049 Fillmore St San Francisco
102,153 Bacon St San Francisco
103,1028 Market St San Francisco
104,782 ARGUELLO Blvd San Francisco
105,3251 20th Ave P182 San Francisco
106,28 Leland Ave San Francisco
107,1409 Sutter St San Francisco
108,1125 Ocean Ave San Francisco
109,836 Irving St San Francisco
110,0498 SANCHEZ St San Francisco
111,1549 Polk St San Francisco
112,538 Clement St San Francisco
113,1919 Ocean Ave San Francisco
114,2701 San Bruno Ave San Francisco
115,1608 Polk St San Francisco
116,1033 Taraval St San Francisco
117,79 Jefferson St San Francisco
118,1 Clement St San Francisco
119,507 Columbus Ave San Francisco
120,609 Ellis St San Francisco
121,3198 16th St San Francisco
122,1386 9th Ave San Francisco
123,700 Monterey Blvd San Francisco
124,560 Balboa St San Francisco
125,4023 18th St San Francisco
126,5251 03rd St San Francisco
127,301 West Portal Ave San Francisco
128,314 Church St San Francisco
129,3193 Mission St San Francisco
130,5919 03rd St San Francisco
131,998 Market St San Francisco
132,737 Portola Dr San Francisco
133,1233 Van Ness Ave San Francisco
134,2541 San Bruno Ave San Francisco
135,2948 Folsom St San Francisco
136,400 Grove St San Francisco
137,3809 Geary Blvd San Francisco
138,2227 Irving St San Francisco
139,533 Jones St San Francisco
140,1823 Clement St San Francisco
141,2436 Polk St San Francisco
142,855 Terry Francois Blvd San Francisco
143,3336 Sacramento Ave San Francisco
144,2026 Mission St San Francisco
145,721 Larkin St San Francisco
146,650 California St San Francisco
147,986 Market St San Francisco
148,55 Cambon Dr San Francisco
149,120 Pine St San Francisco
150,133 Waverly Pl San Francisco
151,1200 Market St San Francisco
152,3348 Steiner St San Francisco
153,713 Clay St San Francisco
154,205 Franklin St San Francisco
155,3116 Noriega St #38th San Francisco
156,2893 Mission St San Francisco
157,3821 Noriega St San Francisco
158,428 11th St San Francisco
159,Pier 41 San Francisco
160,3528 Balboa St San Francisco
161,5238 Diamond Heights Blvd San Francisco
162,2800 Leavenworth St #A7 San Francisco
163,4715 Geary Blvd San Francisco
164,524 Sutter St San Francisco
165,1355 Market St 5th floor San Francisco
166,2550 Van Ness Ave San Francisco
167,700 South Van Ness Ave San Francisco
168,1550 California St San Francisco
169,900 Sutter St San Francisco
170,50 BELCHER St San Francisco
171,87 06th St San Francisco
172,825 Brotherhood Way San Francisco
173,Pier 39  Space D-13 San Francisco
174,875 Stevenson St 9th Floor San Francisco
175,200 Pine St #180 San Francisco
176,4929 Mission St San Francisco
177,3619 Balboa St San Francisco
178,900 22nd St San Francisco
179,3251 20th Ave 5517 San Francisco
180,333 O'Farrell St San Francisco
181,1000 Howard St San Francisco
182,1270 Valencia St San Francisco
183,1501 Ocean Ave San Francisco
184,833 Cortland Ave San Francisco
185,401 Geary St San Francisco
186,600 Monterey Blvd San Francisco
187,888 Stockton St San Francisco
188,1181 Ocean Ave San Francisco
189,2301 Bryant St San Francisco
190,2848 23rd St San Francisco
191,1760 Cesar Chavez St Unit L San Francisco
192,817 TERRY FRANCOIS Blvd San Francisco
193,2257 San Jose Ave San Francisco
194,1640 Haight St San Francisco
195,2470 San Bruno Ave San Francisco
196,343 Clement St San Francisco
197,1350 07th Ave San Francisco
198,609 Hayes St San Francisco
199,581 Hayes St San Francisco
200,24 Wilie Mays Plaza San Francisco
201,561 Columbus Ave San Francisco
202,5423 Geary Blvd San Francisco
203,98 Judah St San Francisco
204,674 Broadway St San Francisco
205,1851 Noriega St San Francisco
206,790 Valencia St San Francisco
207,845 Market St San Francisco
208,1314 Ocean Ave San Francisco
209,4614 03rd St San Francisco
210,299 Ellis St San Francisco
211,800 Valencia St San Francisco
212,549 Castro St San Francisco
213,24 Willie Mays Pl San Francisco
214,3251 20th Ave #156 San Francisco
215,12 Tillman St San Francisco
216,71 Stevenson St #100 San Francisco
217,732 Jackson St San Francisco
218,2191 Irving St San Francisco
219,312 West Portal Ave San Francisco
220,920 Geary St San Francisco
221,2325 Taraval St San Francisco
222,411 Valencia St San Francisco
223,1434 Lombard St San Francisco
224,1551 Dolores St San Francisco
225,1000 Guerrero St San Francisco
226,2805 Mission St San Francisco
227,599 O'Farrell St San Francisco
228,800 Masonic Ave San Francisco
229,1125 Stockton St San Francisco
230,180 Spear St San Francisco
231,4001 Judah St San Francisco
232,4482 Mission St San Francisco
233,1198 Treat Ave San Francisco
234,2598 Harrison St San Francisco
235,900 North Point St San Francisco
236,810 Van Ness Ave San Francisco
237,1142 Valencia St San Francisco
238,44 Ellis St San Francisco
239,5336 Geary Blvd San Francisco
240,2500 Bryant St San Francisco
241,320 03rd St San Francisco
242,121 Spear St San Francisco
243,3861 24th St San Francisco
244,4419 California St San Francisco
245,474 03rd St San Francisco
246,376 Castro St San Francisco
247,570 Green St San Francisco
248,Off the Grid San Francisco
249,1708 Irving St San Francisco
250,1355 Market St San Francisco
251,2800 Leavenworth St #A11 San Francisco
252,55 Music Concourse Dr San Francisco
253,450 Sutter St Suite 7 San Francisco
254,601 Mission Bay Blvd North San Francisco
255,1351 Church St San Francisco
256,1737 Buchanan St San Francisco
257,1426 Polk St San Francisco
258,170 O'Farrell St San Francisco
259,1836 Divisadero St San Francisco
260,4058 18th St San Francisco
261,2205 Lombard St San Francisco
262,1737 Balboa St San Francisco
263,3420 Geary Blvd San Francisco
264,405 Mason St San Francisco
265,1035 Fillmore St #3 San Francisco
266,Approved Private Locations San Francisco
267,2937 Mission St San Francisco
268,1398 Leavenworth St San Francisco
269,1101 Grant Ave San Francisco
270,2551 Noriega St San Francisco
271,752 Van Ness Ave San Francisco
272,1650 Holloway Ave San Francisco
273,4627 Geary Blvd San Francisco
274,845 Market St #495 San Francisco
275,424 Clay St San Francisco
276,3088 Balboa St San Francisco
277,2001 Chestnut St San Francisco
278,596 O'Farrell St San Francisco
279,24 WILLIE MAYS PL San Francisco
280,2966 Mission St San Francisco
281,3391 Mission St San Francisco
282,1376 09th Ave San Francisco
283,100 Van Ness Ave B San Francisco
284,1753 Taraval St San Francisco
285,613 Faxon Ave San Francisco
286,3755 Noriega St San Francisco
287,3836 Geary Blvd San Francisco
288,2801 Leavenworth St #1011 San Francisco
289,2350 Noriega St San Francisco
290,1335 Powell St San Francisco
291,5338 Geary Blvd San Francisco
292,1689 Church St San Francisco
293,3801 17th St San Francisco
294,65 Leland Ave San Francisco
295,300 Jefferson St San Francisco
296,301 King St San Francisco
297,655 Union St San Francisco
298,1737 Post St 368 San Francisco
299,1599 Revere St San Francisco
300,39 Taylor St San Francisco
301,2101 Geneva Ave San Francisco
302,045 CASTRO St San Francisco
303,499 Castro St San Francisco
304,3188 Mission St San Francisco
305,2499 San Bruno Ave San Francisco
306,1516 Folsom St San Francisco
307,1324 Fitzgerald Ave San Francisco
308,1900 Market St San Francisco
309,272 Claremont Blvd San Francisco
310,555 Golden Gate Ave San Francisco
311,920 Valencia St San Francisco
312,690 Folsom St San Francisco
313,290 Townsend St San Francisco
314,1139 Taraval St San Francisco
315,611 Larkin St San Francisco
316,615 Jackson St San Francisco
317,2101 Van Ness Ave San Francisco
318,1650 Holloway Ave West Plaza Alcove C San Francisco
319,2828 Jones St San Francisco
320,3951 Alemany Blvd San Francisco
321,1117 Fillmore St San Francisco
322,3409 Geary Blvd San Francisco
323,"Pier 39  P-214-A2,3,4 San Francisco"
324,850 Bush St San Francisco
325,3985 17th St San Francisco
326,425 A Hayes St San Francisco
327,2311 Clement St San Francisco
328,2315 Clement St San Francisco
329,605 kearny St San Francisco
330,2246 Lombard St San Francisco
331,2298 Fillmore St San Francisco
332,2222 BROADWAY St San Francisco
333,417 Castro St San Francisco
334,1108 Stockton St San Francisco
335,4523 Mission St San Francisco
336,2271 Union St San Francisco
337,133 Clement  St. San Francisco
338,642 Clement St San Francisco
339,44 Tehama St San Francisco
340,620 Broadway St San Francisco
341,1650 Balboa St San Francisco
342,3435 Mission St San Francisco
343,Ferry Plaza Pier San Francisco
344,3915 24th St San Francisco
345,1748 Church St San Francisco
346,303 02nd St Suite G San Francisco
347,211 Valencia St San Francisco
348,801 Font Blvd San Francisco
349,3139 Mission St San Francisco
350,3499 16th St San Francisco
351,4108 24th St San Francisco
352,3565 Geary Blvd San Francisco
353,"865 Market St, #146 San Francisco"
354,3801 03rd St San Francisco
355,2221 Clement St San Francisco
356,2943 Mission St San Francisco
357,2499 Mission St San Francisco
358,1355 Market St #120 San Francisco
359,451 Castro St San Francisco
360,149 Fell St San Francisco
361,915 Kearny St San Francisco
362,4994 Mission St San Francisco
363,508 Valencia St San Francisco
364,1494 California St San Francisco
365,1935 Taraval St San Francisco
366,751 Diamond St San Francisco
367,358 Beach St San Francisco
368,716 Kearny St San Francisco
369,2360 Van Ness Ave San Francisco
370,800 Font Blvd San Francisco
371,"Mission St, betw 10th & 11th St San Francisco"
372,1582 Folsom St San Francisco
373,801 Market St San Francisco
374,333 Brannan St San Francisco
375,91 Drumm St San Francisco
376,3109 16th St San Francisco
377,Pier 39  Space 206-8 San Francisco
378,1795 Geary Blvd San Francisco
379,1310 Noriega St San Francisco
380,230 4th St Suite 220 San Francisco
381,875 Stevenson St 10th Floor San Francisco
382,1130 Ocean Ave San Francisco
383,806 S Van Ness Ave San Francisco
384,3174 16th St San Francisco
385,2462 San Bruno Ave San Francisco
386,2031 Polk St San Francisco
387,303 2nd St Plaza San Francisco
388,708 Bush St San Francisco
389,47 FRANKLIN St San Francisco
390,280 Golden Gate Ave San Francisco
391,4724 Geary Blvd San Francisco
392,303 02nd St San Francisco
393,231 Franklin St San Francisco
394,3248 18th St San Francisco
395,100 Bush St #110 San Francisco
396,846 Geary St San Francisco
397,1581 Webster St 275 San Francisco
398,549 Irving St San Francisco
399,3613 Sacramento St San Francisco
400,332 Clement St San Francisco
401,2435 Clement St San Francisco
402,3456 Mission St San Francisco
403,1506 Fillmore St San Francisco
404,4773 Mission St San Francisco
405,1404 Taraval St San Francisco
406,277 Golden Gate Ave #114 San Francisco
407,2150 Irving St San Francisco
408,177 Eddy St San Francisco
409,3750 Geary Blvd San Francisco
410,333 Post St San Francisco
411,850 La Playa St San Francisco
412,5512 Geary Blvd San Francisco
413,1701 Folsom St San Francisco
414,Treasure Island San Francisco
415,669 Geary St San Francisco
416,820 Ulloa St San Francisco
417,1398 Grant Ave San Francisco
418,73 Cambon St San Francisco
419,2144 Chestnut St San Francisco
420,716 Columbus Ave San Francisco
421,501 Fell St San Francisco
422,2801 Folsom St San Francisco
423,3505 B 17th St San Francisco
424,1598 Yosemite Ave San Francisco
425,411 Ellis St San Francisco
426,1040 Revere Ave San Francisco
427,1230 Polk St San Francisco
428,234 Townsend St San Francisco
429,480 Sutter St Mezzanine San Francisco
430,337 Jones St San Francisco
431,3201 20th Ave San Francisco
432,701 Cole St San Francisco
433,1096 South Van Ness Ave San Francisco
434,1325 Ocean Ave San Francisco
435,1030 Hyde St San Francisco
436,4724 Mission San Francisco
437,655 Larkin St San Francisco
438,1082 FOLSOM St San Francisco
439,201 Ellis St San Francisco
440,641 Irving St San Francisco
441,6 Monterey Blvd San Francisco
442,2251 Market St San Francisco
443,24  Pl San Francisco
444,250 Montgomery St San Francisco
445,761 Post St San Francisco
446,930 Bush St San Francisco
447,1098 Jackson St San Francisco
448,4601 Geary Blvd San Francisco
449,528 Divisadero St San Francisco
450,1422 Ocean Ave San Francisco
451,2767 Lombard St San Francisco
452,1356 Polk St San Francisco
453,2801 California St San Francisco
454,3876 Noriega St San Francisco
455,221 Main St San Francisco
456,458 Grove St San Francisco
457,1501 Noriega St San Francisco
458,257 3rd St San Francisco
459,478 Green St San Francisco
460,900 North Point St #B-201 San Francisco
461,160 14th St San Francisco
462,100 Gough St San Francisco
463,1305 Castro St San Francisco
464,4787 Mission St San Francisco
465,1000 Stockton St San Francisco
466,1746 Post St San Francisco
467,50 Drumm St San Francisco
468,44 West Portal Ave San Francisco
469,3251 20th Ave  6525 San Francisco
470,350 02nd St San Francisco
471,3000 24th St San Francisco
472,515 Bay St San Francisco
473,1316 Noriega St San Francisco
474,1665 Haight St San Francisco
475,4007 24th St San Francisco
476,624 Irving St San Francisco
477,3251 20th Ave San Francisco
478,2032 Union St San Francisco
479,737 03rd St San Francisco
480,2400 Lombard St San Francisco
481,1468 Hyde St San Francisco
482,845 Market St Box A San Francisco
483,8 Octavia St San Francisco
484,127 Eddy St San Francisco
485,110 Hunters Point Shipyard San Francisco
486,2437 Noriega St San Francisco
487,1700 Post St #B San Francisco
488,1109 Fillmore St San Francisco
489,50 03rd St San Francisco
490,645 Larkin St San Francisco
491,224 Kearny St San Francisco
492,2763 San Bruno Ave San Francisco
493,2298 Market St San Francisco
494,4042 24th St San Francisco
495,4217 Geary Blvd San Francisco
496,59 09th St San Francisco
497,535 Irving St San Francisco
498,TFF Event Operations San Francisco
499,2922 Diamond St San Francisco
500,1958 Polk St San Francisco
501,Approved Locations San Francisco
502,3065 Jackson St San Francisco
503,2555 Judah St San Francisco
504,65 Cambon Dr San Francisco
505,2500 Noriega St San Francisco
506,2200 Mason St San Francisco
507,Market St San Francisco
508,480 Sutter St Service Level San Francisco
509,262 Divisadero St San Francisco
510,559 Divisadero St San Francisco
511,1713 Taraval St San Francisco
512,752 Columbus Ave San Francisco
513,622 Green St San Francisco
514,256 Columbus Ave San Francisco
515,2333 Irving St San Francisco
516,2823 Mission St San Francisco
517,3998 18th St San Francisco
518,2127 Polk St San Francisco
519,1323 Columbus Ave San Francisco
520,50 Post St #63 San Francisco
521,2225 Jennings St San Francisco
522,1330 Noriega St San Francisco
523,360 Ritch St San Francisco
524,1924 IRVING St San Francisco
525,2218 Irving St San Francisco
526,402 Balboa St San Francisco
527,522 Jones St San Francisco
528,1155 Battery St San Francisco
529,3815 Geary Blvd San Francisco
530,2211 Mission St San Francisco
531,1299 Pacific Ave San Francisco
532,3324 24th St San Francisco
533,Pier 45  Shed B San Francisco
534,341 Kearny St San Francisco
535,5641 Geary Blvd San Francisco
536,665 Market St San Francisco
537,521 Cortland Ave San Francisco
538,501 Geary St San Francisco
539,425 Barneveld Ave San Francisco
540,188 Embarcadero San Francisco
541,550 Kearny St San Francisco
542,532 Green St San Francisco
543,4543 Mission St San Francisco
544,1022 Bush St San Francisco
545,3416 19th St San Francisco
546,2560 Marin St San Francisco
547,654 Mission St San Francisco
548,2101 Ingalls St San Francisco
549,2471 Mission St San Francisco
550,1222 Noriega St San Francisco
551,100 Montgomery St San Francisco
552,650 Gough St San Francisco
553,345 Williams Ave San Francisco
554,4000 24th St San Francisco
555,555 North Point St San Francisco
556,710 Florida St San Francisco
557,1416 Bush St San Francisco
558,41 Franklin St San Francisco
559,728 Vallejo St San Francisco
560,547 Hyde St San Francisco
561,1095 Hyde St San Francisco
562,1538 Fillmore St San Francisco
563,2022 Mission St San Francisco
564,3486 B Mission San Francisco
565,937 TARAVAL San Francisco
566,488 Haight St San Francisco
567,253 Church St San Francisco
568,1069 Pennsylvania Ave San Francisco
569,1525 Fillmore St San Francisco
570,425 Ellis St San Francisco
571,1398 09th Ave San Francisco
572,628 20th St San Francisco
573,370 Grove St San Francisco
574,1500 Irving St San Francisco
575,753 Alabama St San Francisco
576,2704 Mission St San Francisco
577,5201 03rd St San Francisco
578,2565 Mission St. San Francisco
579,364 Hayes St San Francisco
580,960 Cole St. San Francisco
581,488 Fell St San Francisco
582,244 Gough St San Francisco
583,1030 Irving St San Francisco
584,3242 Scott St San Francisco
585,1612 Ocean Ave San Francisco
586,3251 20th Ave 250I San Francisco
587,517 Hayes St San Francisco
588,5800 3rd St  C1001 San Francisco
589,401 A Judah St San Francisco
590,1201 Ortega St San Francisco
591,1030 Taraval St San Francisco
592,101 California St San Francisco
593,648 Pacific Ave San Francisco
594,1643 Pacific St San Francisco
595,717 Battery St 1st Floor San Francisco
596,464 CASTRO St San Francisco
597,3815 Noriega St San Francisco
598,2152 03rd St San Francisco
599,5323 Geary Blvd San Francisco
600,2605 Ocean Ave San Francisco
601,1000 Bush St San Francisco
602,560 Larkin St San Francisco
603,1455 Market St 11th Floor San Francisco
604,494 Haight St San Francisco
605,599 Skyline Blvd #2 Driving Range San Francisco
606,1515 Fillmore St San Francisco
607,1650 Holloway Ave C134 San Francisco
608,1342 Irving St San Francisco
609,1290 9th Ave San Francisco
610,311 California St San Francisco
611,4416 18th St San Francisco
612,914 Clement St San Francisco
613,5672 Mission St San Francisco
614,2800 California St #102 San Francisco
615,2095 Chestnut St San Francisco
616,3180 16th St San Francisco
617,4 Embarcadero Center San Francisco
618,50 California St San Francisco
619,300 Bayshore Blvd #A San Francisco
620,550 15th St Space #5 San Francisco
621,601 Van Ness Ave San Francisco
622,736 Clement St San Francisco
623,2116 Irving St San Francisco
624,1255 22nd St San Francisco
625,870 Market St San Francisco
626,345 Stockton St San Francisco
627,1247 Polk St San Francisco
628,2200 BRYANT St San Francisco
629,1535 FRANKLIN St San Francisco
630,32 06th St San Francisco
631,1631 20th St San Francisco
632,320 Bayshore Blvd San Francisco
633,2444 Noriega St San Francisco
634,2401 Mission St San Francisco
635,1422 Market St San Francisco
636,951 Irving St San Francisco
637,535 Octavia St San Francisco
638,480 Sutter St 1st Floor San Francisco
639,550 Alabama St San Francisco
640,353 Columbus Ave San Francisco
641,133 O'Farrell St San Francisco
642,1360 9th Ave San Francisco
643,100 ALEMANY BLVD. San Francisco
644,1200 Mason St San Francisco
645,295 B Orizaba Ave San Francisco
646,2701 Leavenworth St San Francisco
647,601 Broadway St San Francisco
648,532 Jones St San Francisco
649,532 Market St San Francisco
650,600 O'Farrell St San Francisco
651,2642  Ave San Francisco
652,1 Embarcadero Center San Francisco
653,1707 Powell St San Francisco
654,731 Irving St San Francisco
655,3224 22nd St San Francisco
656,1098 Sutter St San Francisco
657,919 Cortland Ave San Francisco
658,614 Pine St San Francisco
659,2124 Folsom St San Francisco
660,152 Kearny St San Francisco
661,1909 Union St San Francisco
662,1401 Polk St San Francisco
663,550 15th St Unit 1 San Francisco
664,1336 09th Ave San Francisco
665,2249 17th St San Francisco
666,5200 Geary Blvd San Francisco
667,4058 A 18th St San Francisco
668,296 Ocean Ave San Francisco
669,4423 Mission San Francisco
670,239 Powell St San Francisco
671,1365 Stockton St San Francisco
672,1150 Ocean Ave San Francisco
673,101 Horne Ave San Francisco
674,995 Valencia St San Francisco
675,236 Townsend St San Francisco
676,2739 Geary Blvd San Francisco
677,1750 fulton St San Francisco
678,401 Hayes St San Francisco
679,81 Jefferson St San Francisco
680,1077 Mission St San Francisco
681,958 Illinois St San Francisco
682,5411 3rd St San Francisco
683,5344 Geary Blvd San Francisco
684,776 Broadway St San Francisco
685,5351 GEARY Blvd San Francisco
686,77 McAllister St San Francisco
687,2080 Van Ness Ave San Francisco
688,1375 Fillmore St San Francisco
689,687 Geary St San Francisco
690,653 Clay St San Francisco
691,1362 Stockton St San Francisco
692,31 Cambon Dr San Francisco
693,3253 Mission St San Francisco
694,550 Grant Ave San Francisco
695,3251 20th Ave 102 San Francisco
696,1550 Hyde St San Francisco
697,1016 Bryant St San Francisco
698,131 06th St San Francisco
699,301 A Executive Park Blvd San Francisco
700,2203 Irving St San Francisco
701,3221 MISSION St San Francisco
702,1681 Church St San Francisco
703,638 Broadway St San Francisco
704,236 King St San Francisco
705,2 Embarcadero Center San Francisco
706,3585 California St San Francisco
707,719 Taraval St San Francisco
708,2 Trinity Pl San Francisco
709,2101 21st Ave San Francisco
710,1455 Market St 4th Fl San Francisco
711,5601 Geary Blvd San Francisco
712,733 Bush St San Francisco
713,720 14th St San Francisco
714,5800 03rd St  1004 San Francisco
715,2339 Clement St San Francisco
716,3033 24th St San Francisco
717,599 Skyline Blvd #1 Lakeside San Francisco
718,1838 UNION St San Francisco
719,701 Haight St San Francisco
720,5080 Mission St San Francisco
721,1300 Battery St San Francisco
722,4401 A Cabrillo St Suite A San Francisco
723,5155 03rd St San Francisco
724,16 California St San Francisco
725,5 LENOX Way San Francisco
726,3420 Judah St San Francisco
727,1455 Market St 5th Floor San Francisco
728,Soma Street @ 428 11th St. San Francisco
729,709 Larkin St San Francisco
730,2331 Chestnut St San Francisco
731,124 Columbus Ave San Francisco
732,1409 Polk St San Francisco
733,700 Columbus Ave San Francisco
734,"Pier 15, The Embarcadero San Francisco"
735,195 Pine St San Francisco
736,801 22nd St San Francisco
737,4406 California St San Francisco
738,HUNTER'S POINT BLDG 110 San Francisco
739,705 Divisadero St San Francisco
740,185 Sutter St San Francisco
741,2100 Webster St San Francisco
742,3123 Clement St San Francisco
743,110 Yacht Rd San Francisco
744,2425 03rd St San Francisco
745,129 Ellis St San Francisco
746,377 Bay St Suite A San Francisco
747,98 09th St San Francisco
748,983 Valencia St San Francisco
749,2065 Polk St San Francisco
750,330 Ritch St San Francisco
751,2675 Geary Blvd San Francisco
752,2406 BRYANT St San Francisco
753,4080 18th St San Francisco
754,123 Battery St San Francisco
755,680 08th St Ste.#170 San Francisco
756,115 Sansome St San Francisco
757,195 05th Ave San Francisco
758,4829 Mission St San Francisco
759,1552 Ocean Ave San Francisco
760,1 Front St Annex Suite 100 San Francisco
761,5214 D Diamond Heights Blvd San Francisco
762,747 Market St San Francisco
763,3727 Geary Blvd San Francisco
764,4100 03rd St San Francisco
765,160 West Portal Ave San Francisco
766,954 Market St San Francisco
767,601 Van Ness Ave Suite K San Francisco
768,139 08th St San Francisco
769,701 Union St San Francisco
770,474 Columbus Ave San Francisco
771,5700 Geary Blvd San Francisco
772,Pier 39  Q-112 San Francisco
773,400 Haight St San Francisco
774,1290 Sutter St San Francisco
775,1099 Tennessee St San Francisco
776,3251 20th Ave #157 San Francisco
777,3420 Balboa St San Francisco
778,2919 16th St San Francisco
779,545 Sansome St 207B San Francisco
780,5668 03rd St San Francisco
781,397 Arguello Blvd San Francisco
782,1039 Ocean Ave San Francisco
783,6253 GEARY Blvd San Francisco
784,260 Divisadero St San Francisco
785,3643 Balboa St San Francisco
786,3088 24th St San Francisco
787,428 11th Street San Francisco
788,11 Phelan Ave San Francisco
789,3239 22nd St San Francisco
790,6050 Geary Blvd San Francisco
791,2565 03rd St Unit#310 San Francisco
792,2211 Filbert St San Francisco
793,644 Polk St San Francisco
794,655 Jackson St San Francisco
795,138 Minna St San Francisco
796,2199 Mission St San Francisco
797,2240 Mission St San Francisco
798,100 California St Suite 103 San Francisco
799,260 Kearny St San Francisco
800,1322 Grove St San Francisco
801,3717 Balboa St San Francisco
802,294 Turk St San Francisco
803,754 Post St San Francisco
804,Pier 33 Embarcadero San Francisco
805,1 Pagoda Pl San Francisco
806,1199 South Van Ness Ave San Francisco
807,2666 Ocean Ave San Francisco
808,499 Illinois St San Francisco
809,820 Cortland Ave San Francisco
810,2229 Clement St San Francisco
811,3400 Mission San Francisco
812,2014 Market St San Francisco
813,1551 Mission St San Francisco
814,1258 Minnesota St San Francisco
815,709 O'Farrell St San Francisco
816,170 King St #109 San Francisco
817,3600 Taraval St San Francisco
818,3251 20 Ave San Francisco
819,4 Embarcadero Center  Street Level San Francisco
820,1605 Polk St San Francisco
821,3251 Pierce St San Francisco
822,610 Long Bridge San Francisco
823,9 West Portal Ave San Francisco
824,718 Irving St San Francisco
825,2151 Lombard St San Francisco
826,2623 San Bruno Ave San Francisco
827,531 Commercial St San Francisco
828,2301 Market St San Francisco
829,3228 Sacramento St San Francisco
830,6909 Geary Blvd San Francisco
831,1509 SLOAT Blvd San Francisco
832,4039 18th St San Francisco
833,191 Pine St San Francisco
834,101 Montgomery St Suite 101C San Francisco
835,200 Leavenworth San Francisco
836,235 Front St San Francisco
837,2505 03rd St San Francisco
838,22 4th St San Francisco
839,672 Geary St San Francisco
840,1368 9th Ave San Francisco
841,2224 Union St San Francisco
842,14 Mint Plaza San Francisco
843,66 Dorman Ave San Francisco
844,5740 Geary Blvd San Francisco
845,1400 Yosemite Ave San Francisco
846,2800 California St  Unit 101 San Francisco
847,1000 Clement St San Francisco
848,189 06th Ave San Francisco
849,536 Mission St San Francisco
850,375 Taylor St San Francisco
851,2154 Mission St San Francisco
852,598 5th Ave San Francisco
853,800 Greenwich St San Francisco
854,1537 Ocean Ave San Francisco
855,301 Pine St San Francisco
856,579 Columbus Ave San Francisco
857,2237 Taraval St San Francisco
858,237 Ellis St San Francisco
859,348 Columbus Ave San Francisco
860,951 Clement St San Francisco
861,2109 Chestnut St San Francisco
862,1009 Guerrero St San Francisco
863,420 Montgomery St San Francisco
864,2282 MISSION St San Francisco
865,845 Market St Ste. 400 San Francisco
866,388 Market St #106 San Francisco
867,1401 Stockton St San Francisco
868,3481 18th St San Francisco
869,1755 Polk St San Francisco
870,1740 Church St San Francisco
871,3166 24th St San Francisco
872,1469 18th St San Francisco
873,742 Valencia St San Francisco
874,724 La Playa St San Francisco
875,582 Sutter St San Francisco
876,531 Divisadero St San Francisco
877,1600 Stockton St San Francisco
878,2036 LOMBARD St San Francisco
879,773 Market St San Francisco
880,2240 Chestnut St San Francisco
881,390 CLEMENTINA St San Francisco
882,530 Valencia St San Francisco
883,314 Sutter St San Francisco
884,Pier 39  B-4 San Francisco
885,3801 Balboa St San Francisco
886,1198 Mission St San Francisco
887,1415 18th St San Francisco
888,121 Spear St A10 San Francisco
889,1170 Powell St San Francisco
890,3369 Mission St San Francisco
891,1355 Market St Suite 160 San Francisco
892,875 Stevenson St 2nd Floor San Francisco
893,4689 Mission St San Francisco
894,1285 Sutter St San Francisco
895,380 Bush St #4 San Francisco
896,2827 California St San Francisco
897,1900 Clement St San Francisco
898,1220 16th St San Francisco
899,3348 18th St San Francisco
900,2781 21st St San Francisco
901,293 Bayshore Blvd San Francisco
902,1668 Haight St San Francisco
903,2125 Polk St San Francisco
904,1919 Irving St San Francisco
905,100 California St San Francisco
906,965 Sutter St Suite C San Francisco
907,4808 Mission St San Francisco
908,2250 Keith St San Francisco
909,433 Kearny St San Francisco
910,641 Vallejo St San Francisco
911,98 Mission St San Francisco
912,659 Townsend St San Francisco
913,1455 Market St 9th Floor San Francisco
914,789 Mission St San Francisco
915,360 03rd St Suite 101 San Francisco
916,680 A 02nd St San Francisco
917,4068 18th St San Francisco
918,905 California St San Francisco
919,3655 Lawton St San Francisco
920,221 Powell St San Francisco
921,1145 Market St San Francisco
922,2428 San Bruno Ave San Francisco
923,313 Ivy St San Francisco
924,681 Broadway St San Francisco
925,1314 Noriega St San Francisco
926,711 Fillmore St San Francisco
927,852 Clement St San Francisco
928,1979 MISSION St San Francisco
929,675 Broadway St San Francisco
930,1358 Mason St San Francisco
931,181 03rd St San Francisco
932,992 Market St San Francisco
933,564 South Van Ness Ave San Francisco
934,102 South Park St San Francisco
935,777 Valencia St San Francisco
936,2200 Jerrold Ave Unit Z San Francisco
937,555 Market St 2nd Floor San Francisco
938,2257 Chestnut St San Francisco
939,495 Beach St San Francisco
940,2501 Phelps St San Francisco
941,3491 19th St San Francisco
942,231 Cortland Ave San Francisco
943,1007 Guerrero St San Francisco
944,655 Montgomery St San Francisco
945,388 Market St #104 San Francisco
946,1243 Noriega St San Francisco
947,"101 Horne Ave., Building 101, Rm.1501 San Francisco"
948,239 Clement St San Francisco
949,3115 22nd St San Francisco
950,1 Market St Suite D San Francisco
951,1325 Fillmore St San Francisco
952,2347 03rd St San Francisco
953,1160 Howard St San Francisco
954,510 Stevenson St San Francisco
955,670 Larkin St San Francisco
956,1035 Geary Blvd San Francisco
957,1793 Haight St San Francisco
958,4166 24th St San Francisco
959,449 Castro St San Francisco
960,3868 24th St San Francisco
961,214 Sutter St San Francisco
962,499 Monterey Blvd San Francisco
963,1528 Fillmore St San Francisco
964,535 Florida St San Francisco
965,3303 Mission St San Francisco
966,2342 Clement St San Francisco
967,2836 Franklin St San Francisco
968,1401 18th St San Francisco
969,1970 Innes Ave San Francisco
970,1671 Haight St San Francisco
971,552 Green St San Francisco
972,826 Van Ness Ave San Francisco
973,1275 Market St San Francisco
974,2400 San Bruno Ave San Francisco
975,700 04th St San Francisco
976,101 Horne Ave Space 1501 San Francisco
977,845 Market St #FE13B San Francisco
978,568 Sacramento St San Francisco
979,488 A Hayes St San Francisco
980,3614 18th St San Francisco
981,451 Gough St San Francisco
982,523 Broadway St San Francisco
983,206 Valencia St San Francisco
984,"400 Howard St, Suite 110 San Francisco"
985,3230 Mission St San Francisco
986,1555 Mariposa St San Francisco
987,406 Dewey Blvd San Francisco
988,2401 California St San Francisco
989,3900 03rd St San Francisco
990,1552 Polk St San Francisco
991,865 Market St  SP #307 San Francisco
992,321 A West Portal Ave San Francisco
993,1395 Noriega St San Francisco
994,1001 Market St San Francisco
995,685 Beach St San Francisco
996,2810 Diamond St San Francisco
997,37 Yerba Buena Ln San Francisco
998,917 Taraval St San Francisco
999,2511 Noriega St San Francisco
1000,1032 Clement St San Francisco
1001,555 Market St 6th Floor San Francisco
1002,925 Kearny St San Francisco
1003,2200 Jerrold St  Z San Francisco
1004,1116 Polk St San Francisco
1005,1042 Taraval St San Francisco
1006,75 Francis St San Francisco
1007,1701 Yosemite Ave San Francisco
1008,1701 Greenwich St San Francisco
1009,717 Monterey Blvd San Francisco
1010,Various Farmers Markets San Francisco
1011,431 2nd St San Francisco
1012,1975 Bryant San Francisco
1013,2652 Judah St San Francisco
1014,407 Ellis St San Francisco
1015,1 Ferry Building San Francisco
1016,1782 Haight St San Francisco
1017,301 Battery St San Francisco
1018,2234 Chestnut St San Francisco
1019,103 Waverly Pl San Francisco
1020,1508 Taraval St San Francisco
1021,329 Kearny St San Francisco
1022,230 Bush St #128 San Francisco
1023,2495 03rd St San Francisco
1024,1428 Haight St San Francisco
1025,1779 Lombard St San Francisco
1026,50 Post St #58 San Francisco
1027,1700 Post St K San Francisco
1028,4004 03rd St San Francisco
1029,1311 Noriega St San Francisco
1030,2550 Mission St San Francisco
1031,1862 Divisadero St San Francisco
1032,757 Beach St San Francisco
1033,2348 Polk St San Francisco
1034,469 Castro St San Francisco
1035,Private & Public San Francisco
1036,500 Hayes St San Francisco
1037,121 07th St San Francisco
1038,225 Bush St #120 San Francisco
1039,1081 Post St San Francisco
1040,505 Sansome St Ste. 101 San Francisco
1041,1220 Polk St San Francisco
1042,1788 32nd Ave San Francisco
1043,2049 Irving St San Francisco
1044,798 South Van Ness Ave San Francisco
1045,1550 Howard St San Francisco
1046,2099 Folsom St San Francisco
1047,1252 Valencia St San Francisco
1048,1 Market St San Francisco
1049,431 Balboa St San Francisco
1050,2346 Chestnut St San Francisco
1051,532 Jessie St San Francisco
1052,1400 Taraval St San Francisco
1053,411 Sansome St San Francisco
1054,1594 Market St San Francisco
1055,2328 Irving St San Francisco
1056,525 Market St San Francisco
1057,3565 20th St San Francisco
1058,842 Valencia St San Francisco
1059,5454 Mission St San Francisco
1060,5501 California St San Francisco
1061,1507 Sloat Blvd San Francisco
1062,2298 Mission St San Francisco
1063,3376 18th St San Francisco
1064,1 United Nations Plaza San Francisco
1065,1821 Haight St San Francisco
1066,236 Clement St San Francisco
1067,275 Battery St San Francisco
1068,175 04th St San Francisco
1069,555 Beach St San Francisco
1070,3044 Taraval St San Francisco
1071,360 Jessie St San Francisco
1072,2335 03rd St San Francisco
1073,1517 Pine St San Francisco
1074,1524 Irving St San Francisco
1075,1355 Market St 6/FL San Francisco
1076,4697 Mission St San Francisco
1077,890 Taraval St San Francisco
1078,1355 Market St 10/F. San Francisco
1079,3368 19th St San Francisco
1080,233 14th St San Francisco
1081,1111 Mission St San Francisco
1082,1805 Geary Blvd San Francisco
1083,115 Sansome San Francisco
1084,2268 Chestnut St San Francisco
1085,557 Howard St San Francisco
1086,2537 24th St San Francisco
1087,2295 Market St San Francisco
1088,415 De Haro St Unit#105 San Francisco
1089,400 California San Francisco
1090,2341 Folsom St San Francisco
1091,3128 16th St San Francisco
1092,3 Embarcadero Center  Lobby Level San Francisco
1093,211 Clement St San Francisco
1094,1131 Stockton St San Francisco
1095,1905 Mission St San Francisco
1096,200 Larkin San Francisco
1097,1420 Market St San Francisco
1098,581 Eddy St San Francisco
1099,839 Irving St San Francisco
1100,3950 Sacramento St San Francisco
1101,4581 Mission St San Francisco
1102,3251 20th Ave 172 San Francisco
1103,1330 Ocean Ave San Francisco
1104,640 Jackson St San Francisco
1105,201 suite 100 03rd St San Francisco
1106,4625 Geary Blvd San Francisco
1107,2174 Market St 1st Floor San Francisco
1108,900 North Point St #E205 San Francisco
1109,151 03rd St San Francisco
1110,1368 Irving St San Francisco
1111,3498 Cesar Chavez St San Francisco
1112,768 Jackson St San Francisco
1113,309 06th Ave San Francisco
1114,2 Embarcadero Center  R-2203-4 San Francisco
1115,55 05th St San Francisco
1116,1530 Fillmore St San Francisco
1117,62 Turk St San Francisco
1118,1256 7th Ave San Francisco
1119,301 Clay St San Francisco
1120,297 Page St San Francisco
1121,28 Waverly Pl San Francisco
1122,Soma Street Food Park San Francisco
1123,1051 Ocean Ave San Francisco
1124,353 10th St San Francisco
1125,2299 Market St  A San Francisco
1126,2052 Mission St San Francisco
1127,3251 20th Ave 250C San Francisco
1128,240 Kearny St San Francisco
1129,491 Bayshore St San Francisco
1130,3213 Pierce St San Francisco
1131,1920 Irving St San Francisco
1132,1300 Haight St San Francisco
1133,2045 Irving St San Francisco
1134,2847 Mission St San Francisco
1135,537 Octavia St San Francisco
1136,1425 Folsom St San Francisco
1137,1728 Buchanan St San Francisco
1138,3106 16th St San Francisco
1139,3463 16 St San Francisco
1140,996 Mission St San Francisco
1141,2000 Union St San Francisco
1142,199 VALENCIA St San Francisco
1143,346 Kearny St San Francisco
1144,544 Clement St San Francisco
1145,4995 Mission St San Francisco
1146,2901 03rd St San Francisco
1147,555 California St 51st Floor San Francisco
1148,88 Colin P. Kelly Jr. St San Francisco
1149,Pier 45  Shed B Space 1A San Francisco
1150,Pier 45  Shed B Unit D San Francisco
1151,1 Ferry Building  #50 San Francisco
1152,711 #B Market St San Francisco
1153,2174 Market St San Francisco
1154,3092 16th St San Francisco
1155,57 09th St San Francisco
1156,50 Post St 1st Floor San Francisco
1157,1 UNITED NATIONS Plz San Francisco
1158,321 Kearny St San Francisco
1159,63 Ellis St San Francisco
1160,2351 Mission St San Francisco
1161,474 Geary St San Francisco
1162,3189 16th St San Francisco
1163,4448 Mission St San Francisco
1164,1310 09th Ave San Francisco
1165,1534 California St San Francisco
1166,601 South Van Ness Ave San Francisco
1167,2174 Market St Basement San Francisco
1168,1525 Pine St San Francisco
1169,3111 24th St San Francisco
1170,5913 03rd St San Francisco
1171,2407 JUDAH St San Francisco
1172,1 UNITED NATIONS PLAZA San Francisco
1173,4950 Mission St San Francisco
1174,1830 Ocean Ave San Francisco
1175,1753 Carroll Ave San Francisco
1176,174 Valencia St San Francisco
1177,120 Green St San Francisco
1178,325 Mason St  #10 San Francisco
1179,528 Larkin St San Francisco
1180,170 A South Van Ness St San Francisco
1181,2522 Ocean Ave. San Francisco
1182,2216 Polk St San Francisco
1183,505 Howard St San Francisco
1184,1201 Ocean Ave San Francisco
1185,1428 Polk St San Francisco
1186,2340 Geary Blvd San Francisco
1187,Beach Chalet Soccer Field Parking Lot San Francisco
1188,201 A Turk St San Francisco
1189,4182 Mission St San Francisco
1190,50 Post St San Francisco
1191,2520 San Bruno Ave San Francisco
1192,4828 Geary Blvd San Francisco
1193,242 Columbus Ave San Francisco
1194,289 08th St San Francisco
1195,3751 Geary Blvd San Francisco
1196,3319 Mission St San Francisco
1197,1544 15th St San Francisco
1198,Approved private locations San Francisco
1199,111 Cambon Dr San Francisco
1200,1111 08th St San Francisco
1201,2399 Van Ness Ave San Francisco
1202,1548 Stockton St San Francisco
1203,2250 Irving St San Francisco
1204,219 Jones St San Francisco
1205,613 York St San Francisco
1206,525 Market/360 Valencia San Francisco
1207,408 Dewey Blvd San Francisco
1208,761 03rd St San Francisco
1209,646 Washington St San Francisco
1210,107 Leland Ave San Francisco
1211,1075 Sutter St San Francisco
1212,466 Eddy St San Francisco
1213,3388 24th St San Francisco
1214,2701 20th St San Francisco
1215,3801 24th St San Francisco
1216,2824 Jones St San Francisco
1217,1750 Market St San Francisco
1218,1750 Polk St San Francisco
1219,1598 Sanchez St San Francisco
1220,2272 Chestnut St San Francisco
1221,4201 geary Blvd San Francisco
1222,2300 Polk St San Francisco
1223,356 Kearny St San Francisco
1224,"865 Market St, #210 San Francisco"
1225,2730 21st St San Francisco
1226,1097 Howard St #101 San Francisco
1227,833 Bryant St San Francisco
1228,1330 9th Ave San Francisco
1229,691 Market St San Francisco
1230,3516 Balboa St San Francisco
1231,2305 Irving St San Francisco
1232,1309 Howard St San Francisco
1233,384 A Hayes St San Francisco
1234,735 07 Ave San Francisco
1235,1817 Polk St San Francisco
1236,2223 Market St San Francisco
1237,242 King St San Francisco
1238,3251 20th Ave 216 San Francisco
1239,564 Market St San Francisco
1240,221 Sansome St San Francisco
1241,84 02nd St San Francisco
1242,2978 16th St San Francisco
1243,87 McAllister St San Francisco
1244,1122 Post St San Francisco
1245,590 03rd St San Francisco
1246,24 3 Pl San Francisco
1247,2886 16th St San Francisco
1248,500 Brannan St San Francisco
1249,1998 Polk St San Francisco
1250,50 Post Street San Francisco
1251,380 Bush St #5 San Francisco
1252,3347 Fillmore St San Francisco
1253,2227 Polk St San Francisco
1254,226 Kearny St San Francisco
1255,701 Larkin St San Francisco
1256,Pier 39 West Perimeter San Francisco
1257,2055 Union St Suite B San Francisco
1258,3280 22nd St A San Francisco
1259,1601 HOWARD St San Francisco
1260,555 TOMPKINS Ave San Francisco
1261,100 Post St San Francisco
1262,142 02nd St San Francisco
1263,1000 Larkin St San Francisco
1264,361 WEST PORTAL Ave San Francisco
1265,1 Ferry Building #50 San Francisco
1266,747 03rd St San Francisco
1267,950 Mason St San Francisco
1268,3251 20th Ave 160 San Francisco
1269,1352 A 9th Ave San Francisco
1270,517 O'Farrell St San Francisco
1271,2001 Market St San Francisco
1272,1919 Union St San Francisco
1273,2900 Diamond St San Francisco
1274,801 Montgomery St San Francisco
1275,Hunters Point Building 110 Shipyard San Francisco
1276,8 06th St San Francisco
1277,205 A Frederick St San Francisco
1278,501 Dolores St San Francisco
1279,836 Clement St San Francisco
1280,154 Ellis St San Francisco
1281,140 New Montgomery St San Francisco
1282,701 Columbus Ave San Francisco
1283,2845 Mission St San Francisco
1284,406 Clement St San Francisco
1285,201 Jones St San Francisco
1286,3321 20th St San Francisco
1287,271 Francisco St San Francisco
1288,3200 Fillmore St San Francisco
1289,1268 Grant Ave San Francisco
1290,270 Noe St San Francisco
1291,1000 POTRERO Ave San Francisco
1292,4788 Mission St San Francisco
1293,1116 Potrero Ave San Francisco
1294,2111 Harrison St San Francisco
1295,401 Van Ness Ave San Francisco
1296,781 Mission St San Francisco
1297,535 Folsom St San Francisco
1298,350 Powell St San Francisco
1299,1001 Guerrero St San Francisco
1300,2157 Polk St San Francisco
1301,734 La Playa St San Francisco
1302,1031 Ocean Ave San Francisco
1303,331 Cortland Ave San Francisco
1304,4404 03rd St San Francisco
1305,2427 noriega St San Francisco
1306,3215 Mission St San Francisco
1307,1 Embarcadero San Francisco
1308,575 Market St San Francisco
1309,1343 Powell St San Francisco
1310,801 Powell St San Francisco
1311,1054 Taraval St San Francisco
1312,420 Judah St San Francisco
1313,755 Portola Dr San Francisco
1314,736 Mission St San Francisco
1315,816 Mission St San Francisco
1316,3004 SAN BRUNO Ave San Francisco
1317,1110 Ocean Ave San Francisco
1318,974 Valencia St San Francisco
1319,1750 Cesar Chavez St Unit E San Francisco
1320,55 Stockton St San Francisco
1321,1255 Battery St Ste. 700 San Francisco
1322,345 Eddy St San Francisco
1323,440 Post St San Francisco
1324,658 Market St San Francisco
1325,393 Bay St San Francisco
1326,1760 Polk St San Francisco
1327,324 South Van Ness Ave San Francisco
1328,178 Townsend St San Francisco
1329,580 Geary St San Francisco
1330,PIER 40 San Francisco
1331,393 07th Ave San Francisco
1332,2543 Noriega St San Francisco
1333,550 Montgomery St 10th Floor San Francisco
1334,Pier 43 1/2 San Francisco
1335,3490 California St San Francisco
1336,2931 16th St San Francisco
1337,2055 Union St San Francisco
1338,298 King St San Francisco
1339,601 19th St San Francisco
1340,673 Portola Dr San Francisco
1341,123 02nd St San Francisco
1342,2760 Octavia St San Francisco
1343,2797 16th St San Francisco
1344,450 Post St 3rd Floor San Francisco
1345,3398 Balboa St A San Francisco
1346,2824 24th St San Francisco
1347,1700 O'Farrell @ Fillmore St San Francisco
1348,415 Sansome St San Francisco
1349,140 New Montgomery St Ste. 101 San Francisco
1350,320 11th St San Francisco
1351,1735 Noriega St San Francisco
1352,901 16th St San Francisco
1353,3299 Mission St San Francisco
1354,882 Bush St San Francisco
1355,79 Sansome St San Francisco
1356,3014 20th St San Francisco
1357,625 Douglass St San Francisco
1358,1298 Church St San Francisco
1359,2901 Mission St San Francisco
1360,689 Folsom St San Francisco
1361,1132 Valencia St San Francisco
1362,1607 Haight St San Francisco
1363,180 Post St San Francisco
1364,448 Cortland Ave San Francisco
1365,2739 Taylor St San Francisco
1366,401 Cortland Ave San Francisco
1367,2546 San Bruno Ave San Francisco
1368,642 Eddy St San Francisco
1369,2255 Polk St San Francisco
1370,5 Embarcadero Center San Francisco
1371,1345 Howard St San Francisco
1372,678 Post St San Francisco
1373,Approved Public Locations San Francisco
1374,3251 20th Ave Space#k5532 San Francisco
1375,775 Frederick St San Francisco
1376,2997 Folsom St San Francisco
1377,2809 Taylor St San Francisco
1378,4342 California St San Francisco
1379,865 Market St San Francisco
1380,590 Van Ness Ave San Francisco
1381,1298 Shotwell St  D San Francisco
1382,925 Larkin St San Francisco
1383,Golden Gate Park San Francisco
1384,3741 Geary Blvd San Francisco
1385,790 Bush St San Francisco
1386,1040 Revere Ave #2 San Francisco
1387,813 Cortland Ave San Francisco
1388,1018 Columbus Ave San Francisco
1389,115 Cyril Magnin St San Francisco
1390,423 BURROWS St San Francisco
1391,3132 Vicente St San Francisco
1392,96 Gough St San Francisco
1393,888 Brannan St  1st Floor San Francisco
1394,"Pier 15, the Embarcadero San Francisco"
1395,7001 Geary Blvd San Francisco
1396,1760 Cesar Chavez St M San Francisco
1397,2509 Bayshore Blvd San Francisco
1398,888 Brannan St San Francisco
1399,1750 Divisadero St San Francisco
1400,2704 24TH St San Francisco
1401,3282 Mission St San Francisco
1402,545 Post St San Francisco
1403,100 Pine St 102 San Francisco
1404,Pier 39  A02 San Francisco
1405,3723 Mission St San Francisco
1406,253 Kearny St San Francisco
1407,501 Clement St San Francisco
1408,969 Market St San Francisco
1409,981 Mission St San Francisco
1410,59 30th St San Francisco
1411,3417 18th St San Francisco
1412,82 14th St San Francisco
1413,1375 09th Ave San Francisco
1414,320 Geary St San Francisco
1415,1939 Ocean Ave San Francisco
1416,130 Clement St San Francisco
1417,1700 Jerrold Ave San Francisco
1418,Dolores Pk San Francisco
1419,303 Columbus Ave San Francisco
1420,705 Geary St San Francisco
1421,724 Bush St San Francisco
1422,385 Taylor St San Francisco
1423,Pier 9 San Francisco
1424,1906 Mission St San Francisco
1425,468 Ellis St San Francisco
1426,1338 Ocean Ave San Francisco
1427,2200 Jerrold Ave Suite N San Francisco
1428,1331 Polk St San Francisco
1429,1111 California St San Francisco
1430,200 6th Ave San Francisco
1431,198 Gough St San Francisco
1432,888 Brannan St  5th floor San Francisco
1433,3251 20th Ave. San Francisco
1434,225 Bush St #100 San Francisco
1435,2738 Mission St San Francisco
1436,242 O'Farrell St San Francisco
1437,1737 Post St #380 San Francisco
1438,1177 California St San Francisco
1439,637 Larkin St San Francisco
1440,515 Broadway St San Francisco
1441,365 11th St San Francisco
1442,5037 Geary St San Francisco
1443,1777 Steiner St San Francisco
1444,835 Geary Blvd San Francisco
1445,Pier 39  A-101 San Francisco
1446,2445 Noriega St San Francisco
1447,"1455 Market St    Lower Level Kitchen, Gr. Floor San Francisco"
1448,1814 Clement St San Francisco
1449,915 Columbus St San Francisco
1450,1310 Grant Ave San Francisco
1451,4384 Mission St San Francisco
1452,900 Irving St San Francisco
1453,55 Duboce Ave San Francisco
1454,1700 Post St A San Francisco
1455,871 Sutter St San Francisco
1456,1737 Post St 383 San Francisco
1457,343 Sansome St Suite 150 San Francisco
1458,650 Market St San Francisco
1459,799 Bryant St San Francisco
1460,200 Clement St San Francisco
1461,201 Pine St San Francisco
1462,1801 Clement St San Francisco
1463,2272 MARKET St San Francisco
1464,175 Sutter St San Francisco
1465,30 Fremont St San Francisco
1466,2501 Van Ness Ave San Francisco
1467,455 Market St San Francisco
1468,2241 Geary Blvd San Francisco
1469,2201 CLEMENT St San Francisco
1470,575 Howard St San Francisco
1471,1650 Holloway Ave Student Ctr. West Plaza Alcove B San Francisco
1472,3416 balboa St San Francisco
1473,799 Battery St San Francisco
1474,1975 Bryant St San Francisco
1475,3531 22 St San Francisco
1476,809 Bush St San Francisco
1477,108 B Carl St San Francisco
1478,736 DIVISADERO St San Francisco
1479,4097 19th Ave San Francisco
1480,925 Cortland St San Francisco
1481,3251 20th Ave OP183 San Francisco
1482,4 Mint Plaza San Francisco
1483,1488 Pine St San Francisco
1484,550 DIVISADERO St San Francisco
1485,1333 Columbus Ave San Francisco
1486,468 Castro St San Francisco
1487,575 Mission St San Francisco
1488,1 Avenue of the Palms  #021 San Francisco
1489,707 Sutter St San Francisco
1490,3251 20th Ave 250 D San Francisco
1491,839 Clay San Francisco
1492,2600 Bayshore Blvd San Francisco
1493,1501 B Sloat Blvd San Francisco
1494,88 Division St San Francisco
1495,2241 GEARY BLVD San Francisco
1496,865 Market St Ste. 9008 San Francisco
1497,240 Front St San Francisco
1498,252 Divisadero St San Francisco
1499,1335 Webster St San Francisco
1500,2850 21st St San Francisco
1501,1375 03rd St San Francisco
1502,151 3rd St Level 5 San Francisco
1503,380 Bush St #1 San Francisco
1504,2937 24th St San Francisco
1505,493 03rd St San Francisco
1506,3359 26th St San Francisco
1507,2250 Chestnut St San Francisco
1508,4850 Geary Blvd San Francisco
1509,135 Powell St San Francisco
1510,550 Geary St San Francisco
1511,1581 Webster St 235 San Francisco
1512,88 Hardie Pl San Francisco
1513,388 Potrero St San Francisco
1514,110 Leland Ave San Francisco
1515,688 Mission St San Francisco
1516,1581 Webster St 217 San Francisco
1517,465 California St  Suite 1600 San Francisco
1518,680 Folsom St San Francisco
1519,429 Castro St San Francisco
1520,3333 California St 232 San Francisco
1521,701 Randolph St San Francisco
1522,1735 Polk St San Francisco
1523,2138 Irving St San Francisco
1524,3839 Mission St San Francisco
1525,1800 Hyde St San Francisco
1526,5273 03rd St San Francisco
1527,1400 Stockton St San Francisco
1528,380 Bush St #6 San Francisco
1529,772 Folsom St San Francisco
1530,900 Stanyan St San Francisco
1531,2030 Lombard St San Francisco
1532,1581 Webster St #105 San Francisco
1533,452 Balboa St San Francisco
1534,35 06th St San Francisco
1535,1634 Bush St San Francisco
1536,988 Sutter St San Francisco
1537,59 Columbus Ave San Francisco
1538,842 Geary St San Francisco
1539,1615 Mcallister St San Francisco
1540,1737 Post St 375 San Francisco
1541,50 Post St #12 San Francisco
1542,3232 Scott St San Francisco
1543,644 Mission St San Francisco
1544,1358 9th Ave San Francisco
1545,3251 20th Ave 250-J San Francisco
1546,101 Post St San Francisco
1547,543 Columbus Ave San Francisco
1548,2501 San Bruno Ave San Francisco
1549,685 Folsom St San Francisco
1550,555 Folsom St San Francisco
1551,336 Mason St San Francisco
1552,100 01st St San Francisco
1553,425 2nd St San Francisco
1554,1737 Post St 380 San Francisco
1555,646 Kearny St San Francisco
1556,6 06th St San Francisco
1557,168 Sutter St San Francisco
1558,1101 4th St San Francisco
1559,500 Presidio Ave San Francisco
1560,460 Larkin St San Francisco
1561,5100 Geary Blvd San Francisco
1562,5801 Geary Blvd San Francisco
1563,1520 Fillmore St San Francisco
1564,Pier 3  Suite 102 San Francisco
1565,138 Cyril Magnin St San Francisco
1566,2247 Market St San Francisco
1567,2101 Lombard St San Francisco
1568,2778 24th St San Francisco
1569,100 01st St #GB01 San Francisco
1570,1655 Market St San Francisco
1571,1775 17th St San Francisco
1572,25 Leland Ave San Francisco
1573,2 Embarcadero Center  Street Level San Francisco
1574,295 Terry A Francois Blvd San Francisco
1575,805 Columbus Ave San Francisco
1576,1500 Owens St San Francisco
1577,501 Broadway St San Francisco
1578,2794 Diamond St San Francisco
1579,168 02nd St San Francisco
1580,75 01st St San Francisco
1581,708 Kearny St San Francisco
1582,2077 Hayes St San Francisco
1583,2234 Mission St San Francisco
1584,1849 Union St San Francisco
1585,100 01st St GA01 San Francisco
1586,716 Jackson St San Francisco
1587,577 Geary St San Francisco
1588,335 Jones St San Francisco
1589,1250 Ocean Ave San Francisco
1590,3250 Van Ness Ave San Francisco
1591,422 Geary St San Francisco
1592,3452 Mission St San Francisco
1593,667 Monterey Blvd San Francisco
1594,139 Steuart St San Francisco
1595,151 Union St San Francisco
1596,645 Clay St San Francisco
1597,1540 Ocean St San Francisco
1598,685 Market St 7th Floor San Francisco
1599,3925 Irving St San Francisco
1600,345 03rd St San Francisco
1601,601 Mission Bay St San Francisco
1602,370 14th St San Francisco
1603,3605 Balboa St San Francisco
1604,142 Minna St San Francisco
1605,798 Eddy St San Francisco
1606,Pier 45 San Francisco
1607,680 Valencia St San Francisco
1608,587 Post St San Francisco
1609,30 Mission St San Francisco
1610,1825 Post St #215 San Francisco
1611,1420 Irving St San Francisco
1612,2894 Mission St San Francisco
1613,1726 Buchannan St San Francisco
1614,810 Battery St Suite 150 San Francisco
1615,3781 MISSION St San Francisco
1616,1 California St San Francisco
1617,448 Balboa St San Francisco
1618,316 11th St San Francisco
1619,969 Sutter St San Francisco
1620,5125 Mission St San Francisco
1621,398 Geary St Mezzanine Level San Francisco
1622,55 SCHWERIN St San Francisco
1623,55 Cyril Magnin St 2nd Floor San Francisco
1624,2809 24th St San Francisco
1625,2175 Market St K San Francisco
1626,393 West Portal Ave San Francisco
1627,667 Commercial St San Francisco
1628,2491 Mission St San Francisco
1629,690 Van Ness Ave San Francisco
1630,2788 Mission St San Francisco
1631,2401 Post St San Francisco
1632,942 Mission St San Francisco
1633,928 Geneva Ave San Francisco
1634,22 Peace Plaza  #270 San Francisco
1635,90 Grant Ave San Francisco
1636,665 Townsend St San Francisco
1637,16 West Portal Ave San Francisco
1638,3500 22nd St San Francisco
1639,50 Beale St 23rd Floor San Francisco
1640,525 Golden Gate Ave San Francisco
1641,229 Columbus Ave San Francisco
1642,1626 Taraval Street San Francisco
1643,1994 Lombard St San Francisco
1644,1152 Irving St San Francisco
1645,814-816 Irving St San Francisco
1646,401 Irving St San Francisco
1647,167 Leland Ave San Francisco
1648,431 Eddy St San Francisco
1649,1416 Haight St San Francisco
1650,1501 Cortland Ave San Francisco
1651,606 Mission St San Francisco
1652,1325 FLORIDA St San Francisco
1653,1025 Columbus Ave San Francisco
1654,199 New Montgomery  A San Francisco
1655,20th St San Francisco
1656,3122 16th St San Francisco
1657,101 Bayshore Blvd San Francisco
1658,186 02nd St San Francisco
1659,266 King St San Francisco
1660,1700 Mission St San Francisco
1661,3970 17th St B San Francisco
1662,574 Green St San Francisco
1663,450 Broadway St San Francisco
1664,2620 Jones St 3rd Flr. San Francisco
1665,1515 Sloat Blvd San Francisco
1666,1915 Irving St San Francisco
1667,600 03rd St San Francisco
1668,350 Rhode Island St 150 San Francisco
1669,1500 Market St San Francisco
1670,1 Ferry Building  Kiosk #56 San Francisco
1671,1300 9th Ave San Francisco
1672,524 Van Ness Ave San Francisco
1673,1033 Irving St San Francisco
1674,550 Gene Friend Way San Francisco
1675,525 Haight St San Francisco
1676,1660 Stockton St San Francisco
1677,999 California St San Francisco
1678,66 Raymond Ave San Francisco
1679,803 Cortland Ave San Francisco
1680,3010 20th St San Francisco
1681,3052 16th St San Francisco
1682,55 Stevenson St San Francisco
1683,215 Fremont St Suite 2B San Francisco
1684,1781 Church St San Francisco
1685,340 Jefferson St San Francisco
1686,3898 24th St San Francisco
1687,2323 Polk St San Francisco
1688,505 Gene Friend Way San Francisco
1689,1300 Polk St San Francisco
1690,1418 Haight St San Francisco
1691,300 De Haro St #332 San Francisco
1692,3438 Mission St San Francisco
1693,508 Castro St San Francisco
1694,4230 18th St San Francisco
1695,631 Larkin St San Francisco
1696,507 Divisadero St San Francisco
1697,155 04th St Suite 1050 San Francisco
1698,151 3rd St San Francisco
1699,"150 04TH ST.,  Treasure Island  suite 1 San Francisco"
1700,940 Market St San Francisco
1701,151 Townsend St San Francisco
1702,2032 Polk St San Francisco
1703,674 Sacramento St San Francisco
1704,4018 24th St San Francisco
1705,483 Sacramento St San Francisco
1706,34 03rd St San Francisco
1707,1216 Stockton St San Francisco
1708,2034 Mission St San Francisco
1709,3221 Mission St San Francisco
1710,1 Polk St San Francisco
1711,785 Sunnydale Ave San Francisco
1712,225 Powell St San Francisco
1713,522 Columbus Ave San Francisco
1714,28 02nd St San Francisco
1715,900 North Point St #301 San Francisco
1716,835 Jamestown Ave San Francisco
1717,345 Stockton St Mezzanine San Francisco
1718,999 California St Basement (1B) San Francisco
1719,163 02nd St 100 San Francisco
1720,245 Jefferson St San Francisco
1721,845 Market St #13 San Francisco
1722,1 Ferry Building  #52 San Francisco
1723,1730 YOSEMITE St San Francisco
1724,319 Bayshore Blvd San Francisco
1725,431 02nd St San Francisco
1726,1563 Page St San Francisco
1727,211 Sutter St San Francisco
1728,595 Buckingham Way Suit 587 San Francisco
1729,2237 Polk St San Francisco
1730,1737 Post St #368 San Francisco
1731,50 Beale St Suite 103 San Francisco
1732,2340 Polk St San Francisco
1733,3040 Taraval St San Francisco
1734,4919 3rd St San Francisco
1735,1 Mint Plaza San Francisco
1736,2450 Clement St San Francisco
1737,1251 Turk St San Francisco
1738,1 Ferry Buildling San Francisco
1739,25 Grove St San Francisco
1740,326 01st St San Francisco
1741,491 O'Farrell St San Francisco
1742,555 02nd St San Francisco
1743,3161 24th St San Francisco
1744,3015 Geary Blvd San Francisco
1745,3232 16th St San Francisco
1746,68 West Portal Ave San Francisco
1747,1712 Taraval St San Francisco
1748,1530 Haight St San Francisco
1749,380 Bush St #3 San Francisco
1750,150 Otis St San Francisco
1751,1143 Taraval St San Francisco
1752,17 Kearny St San Francisco
1753,3224 1/2 22nd St San Francisco
1754,1820 Clement St San Francisco
1755,1601 Lane St San Francisco
1756,380 Bush St #2 San Francisco
1757,3325 24th St San Francisco
1758,140 Turk St San Francisco
1759,121 Golden Gate Ave San Francisco
1760,4401 Balboa St San Francisco
1761,845 Market St FE15 San Francisco
1762,2274 Lombard St San Francisco
1763,1127 Market St San Francisco
1764,725 Columbus Ave San Francisco
1765,1 Ferry Building  #14 San Francisco
1766,180 Montgomery St Ste. 100 San Francisco
1767,1101 Fairfax Ave San Francisco
1768,350 California St San Francisco
1769,1700 O'Farrell @ Fillmore San Francisco
1770,710 03rd St San Francisco
1771,134 Golden Gate Ave San Francisco
1772,4769 Mission St San Francisco
1773,1700 O'Farrell San Francisco
1774,1248 9th Ave San Francisco
1775,5241 Geary Blvd San Francisco
1776,611 Post St San Francisco
1777,1900 GEARY Blvd San Francisco
1778,555 California St San Francisco
1779,418 Beach St San Francisco
1780,1701 Octavia St San Francisco
1781,333 Jefferson St Suite B105 San Francisco
1782,758 Valencia St San Francisco
1783,388 Market St #102 San Francisco
1784,2048 Taraval St San Francisco
1785,1 Kearny St San Francisco
1786,2312 Market St San Francisco
1787,614 Polk St San Francisco
1788,429 Stockton St San Francisco
1789,672 Stanyan St San Francisco
1790,413 10th St San Francisco
1791,50 Fremont St San Francisco
1792,300 De Haro St #338 San Francisco
1793,451 Galvez Ave San Francisco
1794,1916 IRVING St San Francisco
1795,3047 Mission St San Francisco
1796,301 Turk St San Francisco
1797,4 Embarcadero Center  #1 San Francisco
1798,1336 Grant Ave San Francisco
1799,Pier 39  Space A-201 San Francisco
1800,595 Market St Suite 160 San Francisco
1801,101 Spear St A13 San Francisco
1802,685 Market St 520 San Francisco
1803,4935 Mission St San Francisco
1804,730 Howard St San Francisco
1805,2 New Montgomery St San Francisco
1806,748 Innes Ave San Francisco
1807,620 O'Farrell St San Francisco
1808,2455 Mason St San Francisco
1809,295 Eddy St San Francisco
1810,300 De Haro St San Francisco
1811,170 O'Farrell Ave Basement San Francisco
1812,3543 18th St #8 San Francisco
1813,3100 16th St San Francisco
1814,970 47th Ave San Francisco
1815,2401 Polk St San Francisco
1816,63 Powell San Francisco
1817,493 Pine St San Francisco
1818,431 Clement St San Francisco
1819,2862 24th St San Francisco
1820,185 Berry St 4th Floor San Francisco
1821,1550 Bryant St San Francisco
1822,250 Pine St San Francisco
1823,100 01st St 110 San Francisco
1824,OFF The Grid San Francisco
1825,2109 clement St San Francisco
1826,704 Valencia St San Francisco
1827,380 Golden Gate Ave San Francisco
1828,219 King St San Francisco
1829,222 Sansome St 1st Floor San Francisco
1830,354 CLEMENT St San Francisco
1831,22 Battery St Suite D San Francisco
1832,22 Peace Plaza  440 San Francisco
1833,250 Kearny St San Francisco
1834,222 Sansome St Basement San Francisco
1835,1599 Howard St San Francisco
1836,3251 20th Ave #158 San Francisco
1837,4499 17th St San Francisco
1838,15 Boardman Place San Francisco
1839,2071 3rd St San Francisco
1840,1051 Taylor St San Francisco
1841,456 Haight St San Francisco
1842,710 Commercial St San Francisco
1843,3153 17th St San Francisco
1844,480 6th St San Francisco
1845,3077 24th St San Francisco
1846,155 05th St San Francisco
1847,2337 Market St San Francisco
1848,215 Fremont St Suite 2A San Francisco
1849,514 Minna St San Francisco
1850,75 Hawthorne St San Francisco
1851,248 Fillmore St San Francisco
1852,3560 18th St San Francisco
1853,221 04th St San Francisco
1854,484 Ellis St San Francisco
1855,1390 Wallace St San Francisco
1856,896 Sutter St San Francisco
1857,414 Columbus Ave San Francisco
1858,222 Sansome St 2nd Floor San Francisco
1859,101 Spear St  B-5 San Francisco
1860,685 03rd St San Francisco
1861,1226 Stockton St San Francisco
1862,2142 Irving St San Francisco
1863,455 South Mission Bay Blvd San Francisco
1864,510 Mission St San Francisco
1865,1353 Taraval St San Francisco
1866,290 De Haro St San Francisco
1867,3251 20th Ave  #5520 San Francisco
1868,407 Castro St San Francisco
1869,3699 17th St San Francisco
1870,8 Mission St San Francisco
1871,2770 Taylor St San Francisco
1872,3 Embarcadero Center  Suite 3210 San Francisco
1873,5300 Mission St San Francisco
1874,853 Clay St San Francisco
1875,"200 California Ave., Bldg 180S, Treasure Island San Francisco"
1876,222 Sansome St 37th Floor San Francisco
1877,251 Rhode Island San Francisco
1878,3275 22nd St San Francisco
1879,900 North Point St Ste. H104 San Francisco
1880,1639 Irving St San Francisco
1881,506 Castro St San Francisco
1882,222 2nd St 17th Floor San Francisco
1883,400 IRVING St San Francisco
1884,VARIOUS LOCATIONS San Francisco
1885,VARIOUS LOACATIONS (17) San Francisco
1886,2110 Irving St San Francisco
1887,659 Union St San Francisco
1888,222 Sansome St 3rd Floor San Francisco
1889,400 Eddy St San Francisco
1890,530 Parnassus Ave San Francisco
1891,888 Brannan St 110 San Francisco
1892,1005 Guerrero St San Francisco
1893,454 Geary St San Francisco
1894,3254 23rd St San Francisco
1895,2165 Union St San Francisco
1896,217 King St San Francisco
1897,685 Market St 10th flr San Francisco
1898,685 Market St 4th Floor San Francisco
1899,943 Columbus Ave San Francisco
1900,919 Cole St San Francisco
1901,2128 Folsom St San Francisco
1902,900 North Point St E-204B San Francisco
1903,1830 Irving St San Francisco
1904,2300 16th St San Francisco
1905,240 Ritch St San Francisco
1906,3226 Geary Blvd San Francisco
1907,633 Folsom St San Francisco
1908,602 Mission St San Francisco
1909,3 Embarcadero Center San Francisco
1910,3814 Noriega St San Francisco
1911,1000 Van Ness Ave San Francisco
1912,100 Brannan St San Francisco
1913,1727 Haight St San Francisco
1914,3331 24th St San Francisco
1915,685 Market St 8th Floor San Francisco
1916,3015 Mission St San Francisco
1917,84 9th St San Francisco
1918,584 Valencia St San Francisco
1919,1330 25th St San Francisco
1920,111 Minna St San Francisco
1921,450 Rhode Island St San Francisco
1922,2343 03rd St Suite 100 San Francisco
1923,4092 18th St San Francisco
1924,3809 18th St San Francisco
1925,1485 Yosemite Ave San Francisco
1926,1499 Valencia St San Francisco
1927,3611 California St San Francisco
1928,450 05 St San Francisco
1929,418 Larkin St San Francisco
1930,865 Market St #9003 San Francisco
1931,150 04TH St suite 1 San Francisco
1932,36 05th St San Francisco
1933,555 Taraval St San Francisco
1934,1639 Oak St San Francisco
1935,330 Gough St San Francisco
1936,1101 Geary Blvd San Francisco
1937,405 Howard St #8 San Francisco
1938,2696 Geary Blvd San Francisco
1939,2740 Mission St San Francisco
1940,2929 19th St San Francisco
1941,1760 Cesar Chavez St Suite M San Francisco
1942,2299 Market St B San Francisco
1943,3415 California St San Francisco
1944,318 Columbus St San Francisco
1945,602 Eddy St San Francisco
1946,1760 Cesar Chavez St Unit H San Francisco
1947,366 Golden Gate Ave San Francisco
1948,505 Beach St San Francisco
1949,827 Sacramento St San Francisco
1950,520 03 St  Third Floor San Francisco
1951,1760 Cesar Chavez St F San Francisco
1952,1550 Bryant St #800 San Francisco
1953,2193 Mission St San Francisco
1954,1750 Cesar Chavez St E San Francisco
1955,802 Font Blvd San Francisco
1956,255 Winston St San Francisco
1957,388 Market St #107 San Francisco
1958,1750 Cesar Chavez St Suite E San Francisco
1959,1740 Fillmore St San Francisco
1960,100 Montgomery St #116 San Francisco
1961,560 Mission St Ste.#150 San Francisco
1962,339 Taraval St San Francisco
1963,280 Valencia St San Francisco
1964,2675 Geary Blvd E103 San Francisco
1965,2030 Union St San Francisco
1966,121 Spear St B08 San Francisco
1967,719 14th St San Francisco
1968,101 Horne Ave #1501 San Francisco
1969,3091 16th St San Francisco
1970,572 O'Farrell St San Francisco
1971,1760 Cesar Chavez St #H San Francisco
1972,101 Montgomery St San Francisco
1973,1318 Grant Ave San Francisco
1974,398 Geary St San Francisco
1975,101 Market St San Francisco
1976,730 Taraval St San Francisco
1977,551 Haight St San Francisco
1978,401 Van Ness Ave Suite 110 San Francisco
1979,144 Taylor St San Francisco
1980,854 Geary St San Francisco
1981,643 Post St San Francisco
1982,1455 Market St #600 San Francisco
1983,353 Jefferson St San Francisco
1984,1813 Fulton St San Francisco
1985,222 02nd St 3rd Floor San Francisco
1986,2120 Sutter St San Francisco
1987,545 Sansome St San Francisco
1988,1101 Potrero Ave San Francisco
1989,1950 Page St San Francisco
1990,564 04th St San Francisco
1991,53 Bluxome St San Francisco
1992,39 Fell St San Francisco
1993,533 Jackson St San Francisco
1994,1114 Bryant St San Francisco
1995,2424 Van Ness Ave San Francisco
1996,600 Polk St San Francisco
1997,829 Geary St San Francisco
1998,2594 Oakdale Ave San Francisco
1999,22 Peace Plaza  510 San Francisco
2000,28 Fremont St San Francisco
2001,800 Cortland Ave San Francisco
2002,399 04th St San Francisco
2003,655 Ellis St San Francisco
2004,564 Castro St San Francisco
2005,647 Irving St San Francisco
2006,258 Divisadero St San Francisco
2007,580 04th St San Francisco
2008,1443 A Lombard St San Francisco
2009,3066 24th St San Francisco
2010,3400 Geary Blvd San Francisco
2011,552 Jones St San Francisco
2012,2 California St San Francisco
2013,855 Bush St San Francisco
2014,110 Hunters Point Blvd San Francisco
2015,101 Spear St San Francisco
2016,1900 Folsom St San Francisco
2017,1 Front St San Francisco
2018,483 03rd St San Francisco
2019,337 Kearny St San Francisco
2020,2300 16th St #293 San Francisco
2021,2425 Geary Blvd San Francisco
2022,1419 Haight St San Francisco
2023,901 Divisadero St San Francisco
2024,525 07th St San Francisco
2025,330 Townsend St San Francisco
2026,50 3RD St San Francisco
2027,531 Haight St San Francisco
2028,555 Mission St San Francisco
2029,2380 San Bruno Ave San Francisco
2030,1896 Hyde St San Francisco
2031,77 Beale St San Francisco
2032,651 Brannan St San Francisco
2033,1754 Polk St San Francisco
2034,1635 Divisadero St San Francisco
2035,2349 Market St San Francisco
2036,684 King St San Francisco
2037,2331 Mission St San Francisco
2038,750 Ellis St San Francisco
2039,2120 Greenwich St San Francisco
2040,1 Ferry Building  #54 San Francisco
2041,370 Golden Gate Ave San Francisco
2042,1705 Buchanan St San Francisco
2043,301 South Van Ness Ave San Francisco
2044,298 Market St San Francisco
2045,300 Precita Ave San Francisco
2046,584 Washington St San Francisco
2047,945 Sacramento St San Francisco
2048,1945 Hyde St San Francisco
2049,1064 Divisadero St San Francisco
2050,937 A Harrison St San Francisco
2051,1979 Union St San Francisco
2052,2 Beach St San Francisco
2053,145 02nd St San Francisco
2054,99 Grove St San Francisco
2055,225 Clement San Francisco
2056,240 Taylor St San Francisco
2057,Hunter's Point Shipyard  Building #110 San Francisco
2058,917 Folsom St San Francisco
2059,509 Haight St San Francisco
2060,300 Folsom St San Francisco
2061,560 Central Ave San Francisco
2062,443 Clement St San Francisco
2063,315 05th St San Francisco
2064,276 Noe St San Francisco
2065,2041 18th Ave San Francisco
2066,3355 Mission St San Francisco
2067,2200 A Market St San Francisco
2068,1 Post St San Francisco
2069,101 Howard St San Francisco
2070,518 Haight St San Francisco
2071,499 Douglass St San Francisco
2072,69 Bluxome St San Francisco
2073,699 25th Ave San Francisco
2074,4542 Irving Rd San Francisco
2075,1423 Polk St San Francisco
2076,1300 Dolores St San Francisco
2077,69 Dorman St San Francisco
2078,565 Green St San Francisco
2079,2 Koret Way San Francisco
2080,171 02nd St San Francisco
2081,1301 Van Ness Ave San Francisco
2082,"Hunters Point Shipyard, Bldg.#110 San Francisco"
2083,409 Illinois St San Francisco
2084,704 Post St San Francisco
2085,"Hunter's Point Shipyard, Bldg.110 San Francisco"
2086,531 Jackson St San Francisco
2087,1207 Divisadero St San Francisco
2088,155 Fell St San Francisco
2089,Hunters Point Shipyard San Francisco
2090,18 Boardman Pl San Francisco
2091,381 South Van Ness Ave San Francisco
2092,3157 Geary Blvd San Francisco
2093,237 Fillmore St San Francisco
2094,1865 Post St San Francisco
2095,317 Sanchez St San Francisco
2096,1963 Sutter St San Francisco
